date,repo,views,unique_visitors
2026-01-24,MuteJack/Mycopsychosys-UnOfficial-Patch,0,0
2026-01-25,MuteJack/Mycopsychosys-UnOfficial-Patch,0,0
2026-01-26,MuteJack/Mycopsychosys-UnOfficial-Patch,0,0
2026-01-27,MuteJack/Mycopsychosys-UnOfficial-Patch,0,0
2026-01-28,MuteJack/Mycopsychosys-UnOfficial-Patch,0,0
2026-01-29,MuteJack/Mycopsychosys-UnOfficial-Patch,0,0
2026-01-30,MuteJack/Mycopsychosys-UnOfficial-Patch,0,0
2026-01-31,MuteJack/Mycopsychosys-UnOfficial-Patch,113,8
2026-02-01,MuteJack/Mycopsychosys-UnOfficial-Patch,169,21
2026-02-02,MuteJack/Mycopsychosys-UnOfficial-Patch,223,15
2026-02-03,MuteJack/Mycopsychosys-UnOfficial-Patch,111,13
2026-02-04,MuteJack/Mycopsychosys-UnOfficial-Patch,116,19
2026-02-05,MuteJack/Mycopsychosys-UnOfficial-Patch,134,15
2026-02-06,MuteJack/Mycopsychosys-UnOfficial-Patch,127,17
2026-01-24,MuteJack/Mycopsychosys-UnOfficial_Korean_Translation,0,0
2026-01-25,MuteJack/Mycopsychosys-UnOfficial_Korean_Translation,0,0
2026-01-26,MuteJack/Mycopsychosys-UnOfficial_Korean_Translation,0,0
2026-01-27,MuteJack/Mycopsychosys-UnOfficial_Korean_Translation,0,0
2026-01-28,MuteJack/Mycopsychosys-UnOfficial_Korean_Translation,0,0
2026-01-29,MuteJack/Mycopsychosys-UnOfficial_Korean_Translation,0,0
2026-01-30,MuteJack/Mycopsychosys-UnOfficial_Korean_Translation,0,0
2026-01-31,MuteJack/Mycopsychosys-UnOfficial_Korean_Translation,20,3
2026-02-01,MuteJack/Mycopsychosys-UnOfficial_Korean_Translation,45,10
2026-02-02,MuteJack/Mycopsychosys-UnOfficial_Korean_Translation,104,8
2026-02-03,MuteJack/Mycopsychosys-UnOfficial_Korean_Translation,15,4
2026-02-04,MuteJack/Mycopsychosys-UnOfficial_Korean_Translation,7,6
2026-02-05,MuteJack/Mycopsychosys-UnOfficial_Korean_Translation,10,5
2026-02-06,MuteJack/Mycopsychosys-UnOfficial_Korean_Translation,12,6
2026-02-07,MuteJack/Mycopsychosys-UnOfficial-Patch,96,12
2026-02-07,MuteJack/Mycopsychosys-UnOfficial_Korean_Translation,23,4
2026-02-08,MuteJack/Mycopsychosys-UnOfficial-Patch,21,10
2026-02-08,MuteJack/Mycopsychosys-UnOfficial_Korean_Translation,8,4
2026-02-09,MuteJack/Mycopsychosys-UnOfficial-Patch,29,10
2026-02-09,MuteJack/Mycopsychosys-UnOfficial_Korean_Translation,19,6
2026-02-10,MuteJack/Mycopsychosys-UnOfficial-Patch,10,6
2026-02-10,MuteJack/Mycopsychosys-UnOfficial_Korean_Translation,9,4
2026-02-11,MuteJack/Mycopsychosys-UnOfficial-Patch,29,5
2026-02-11,MuteJack/Mycopsychosys-UnOfficial_Korean_Translation,14,2
2026-02-12,MuteJack/Mycopsychosys-UnOfficial-Patch,15,8
2026-02-12,MuteJack/Mycopsychosys-UnOfficial_Korean_Translation,0,0
2026-02-13,MuteJack/Mycopsychosys-UnOfficial-Patch,10,6
2026-02-13,MuteJack/Mycopsychosys-UnOfficial_Korean_Translation,3,2
