date,repo,referrer,views,unique_visitors
2026-02-08,MuteJack/Mycopsychosys-UnOfficial-Patch,gall.dcinside.com,522,62
2026-02-08,MuteJack/Mycopsychosys-UnOfficial-Patch,blog.naver.com,88,23
2026-02-08,MuteJack/Mycopsychosys-UnOfficial-Patch,github.com,56,5
2026-02-08,MuteJack/Mycopsychosys-UnOfficial-Patch,m.dcinside.com,13,6
2026-02-08,MuteJack/Mycopsychosys-UnOfficial-Patch,chatgpt.com,10,2
2026-02-08,MuteJack/Mycopsychosys-UnOfficial-Patch,Google,6,6
2026-02-08,MuteJack/Mycopsychosys-UnOfficial-Patch,Yahoo,4,1
2026-02-08,MuteJack/Mycopsychosys-UnOfficial-Patch,m.blog.naver.com,4,1
2026-02-08,MuteJack/Mycopsychosys-UnOfficial-Patch,search.naver.com,1,1
2026-02-08,MuteJack/Mycopsychosys-UnOfficial_Korean_Translation,gall.dcinside.com,92,27
2026-02-08,MuteJack/Mycopsychosys-UnOfficial_Korean_Translation,github.com,38,1
2026-02-08,MuteJack/Mycopsychosys-UnOfficial_Korean_Translation,blog.naver.com,7,7
2026-02-08,MuteJack/Mycopsychosys-UnOfficial_Korean_Translation,m.blog.naver.com,2,2
2026-02-08,MuteJack/Mycopsychosys-UnOfficial_Korean_Translation,Yahoo,2,1
2026-02-08,MuteJack/Mycopsychosys-UnOfficial_Korean_Translation,Bing,1,1
2026-02-08,MuteJack/Mycopsychosys-UnOfficial_Korean_Translation,Google,1,1
2026-02-09,MuteJack/Mycopsychosys-UnOfficial-Patch,gall.dcinside.com,565,74
2026-02-09,MuteJack/Mycopsychosys-UnOfficial-Patch,blog.naver.com,117,29
2026-02-09,MuteJack/Mycopsychosys-UnOfficial-Patch,github.com,85,7
2026-02-09,MuteJack/Mycopsychosys-UnOfficial-Patch,m.dcinside.com,13,6
2026-02-09,MuteJack/Mycopsychosys-UnOfficial-Patch,chatgpt.com,10,2
2026-02-09,MuteJack/Mycopsychosys-UnOfficial-Patch,Google,7,6
2026-02-09,MuteJack/Mycopsychosys-UnOfficial-Patch,m.blog.naver.com,5,2
2026-02-09,MuteJack/Mycopsychosys-UnOfficial-Patch,Yahoo,4,1
2026-02-09,MuteJack/Mycopsychosys-UnOfficial-Patch,youtube.com,2,2
2026-02-09,MuteJack/Mycopsychosys-UnOfficial-Patch,search.naver.com,1,1
2026-02-09,MuteJack/Mycopsychosys-UnOfficial_Korean_Translation,gall.dcinside.com,95,28
2026-02-09,MuteJack/Mycopsychosys-UnOfficial_Korean_Translation,github.com,53,2
2026-02-09,MuteJack/Mycopsychosys-UnOfficial_Korean_Translation,blog.naver.com,8,8
2026-02-09,MuteJack/Mycopsychosys-UnOfficial_Korean_Translation,m.blog.naver.com,4,3
2026-02-09,MuteJack/Mycopsychosys-UnOfficial_Korean_Translation,Bing,2,2
2026-02-09,MuteJack/Mycopsychosys-UnOfficial_Korean_Translation,Yahoo,2,1
2026-02-09,MuteJack/Mycopsychosys-UnOfficial_Korean_Translation,Google,1,1
2026-02-10,MuteJack/Mycopsychosys-UnOfficial-Patch,gall.dcinside.com,571,79
2026-02-10,MuteJack/Mycopsychosys-UnOfficial-Patch,blog.naver.com,118,30
2026-02-10,MuteJack/Mycopsychosys-UnOfficial-Patch,github.com,101,12
2026-02-10,MuteJack/Mycopsychosys-UnOfficial-Patch,m.dcinside.com,13,6
2026-02-10,MuteJack/Mycopsychosys-UnOfficial-Patch,chatgpt.com,10,2
2026-02-10,MuteJack/Mycopsychosys-UnOfficial-Patch,Google,7,6
2026-02-10,MuteJack/Mycopsychosys-UnOfficial-Patch,youtube.com,5,3
2026-02-10,MuteJack/Mycopsychosys-UnOfficial-Patch,m.blog.naver.com,5,2
2026-02-10,MuteJack/Mycopsychosys-UnOfficial-Patch,Yahoo,4,1
2026-02-10,MuteJack/Mycopsychosys-UnOfficial-Patch,search.naver.com,1,1
2026-02-10,MuteJack/Mycopsychosys-UnOfficial_Korean_Translation,gall.dcinside.com,111,32
2026-02-10,MuteJack/Mycopsychosys-UnOfficial_Korean_Translation,github.com,53,2
2026-02-10,MuteJack/Mycopsychosys-UnOfficial_Korean_Translation,blog.naver.com,9,9
2026-02-10,MuteJack/Mycopsychosys-UnOfficial_Korean_Translation,m.blog.naver.com,4,3
2026-02-10,MuteJack/Mycopsychosys-UnOfficial_Korean_Translation,Bing,3,3
2026-02-10,MuteJack/Mycopsychosys-UnOfficial_Korean_Translation,Yahoo,2,1
2026-02-10,MuteJack/Mycopsychosys-UnOfficial_Korean_Translation,Google,1,1
2026-02-11,MuteJack/Mycopsychosys-UnOfficial-Patch,gall.dcinside.com,572,80
2026-02-11,MuteJack/Mycopsychosys-UnOfficial-Patch,blog.naver.com,120,31
2026-02-11,MuteJack/Mycopsychosys-UnOfficial-Patch,github.com,103,14
2026-02-11,MuteJack/Mycopsychosys-UnOfficial-Patch,m.dcinside.com,13,6
2026-02-11,MuteJack/Mycopsychosys-UnOfficial-Patch,chatgpt.com,10,2
2026-02-11,MuteJack/Mycopsychosys-UnOfficial-Patch,Google,7,6
2026-02-11,MuteJack/Mycopsychosys-UnOfficial-Patch,youtube.com,7,4
2026-02-11,MuteJack/Mycopsychosys-UnOfficial-Patch,m.blog.naver.com,6,3
2026-02-11,MuteJack/Mycopsychosys-UnOfficial-Patch,Yahoo,4,1
2026-02-11,MuteJack/Mycopsychosys-UnOfficial-Patch,search.naver.com,1,1
2026-02-11,MuteJack/Mycopsychosys-UnOfficial_Korean_Translation,gall.dcinside.com,112,33
2026-02-11,MuteJack/Mycopsychosys-UnOfficial_Korean_Translation,github.com,53,2
2026-02-11,MuteJack/Mycopsychosys-UnOfficial_Korean_Translation,blog.naver.com,11,9
2026-02-11,MuteJack/Mycopsychosys-UnOfficial_Korean_Translation,m.blog.naver.com,9,4
2026-02-11,MuteJack/Mycopsychosys-UnOfficial_Korean_Translation,Bing,3,3
2026-02-11,MuteJack/Mycopsychosys-UnOfficial_Korean_Translation,Yahoo,2,1
2026-02-11,MuteJack/Mycopsychosys-UnOfficial_Korean_Translation,Google,1,1
2026-02-12,MuteJack/Mycopsychosys-UnOfficial-Patch,gall.dcinside.com,580,82
2026-02-12,MuteJack/Mycopsychosys-UnOfficial-Patch,blog.naver.com,122,33
2026-02-12,MuteJack/Mycopsychosys-UnOfficial-Patch,github.com,103,14
2026-02-12,MuteJack/Mycopsychosys-UnOfficial-Patch,youtube.com,15,5
2026-02-12,MuteJack/Mycopsychosys-UnOfficial-Patch,m.dcinside.com,14,7
2026-02-12,MuteJack/Mycopsychosys-UnOfficial-Patch,chatgpt.com,10,2
2026-02-12,MuteJack/Mycopsychosys-UnOfficial-Patch,Google,7,6
2026-02-12,MuteJack/Mycopsychosys-UnOfficial-Patch,m.blog.naver.com,7,4
2026-02-12,MuteJack/Mycopsychosys-UnOfficial-Patch,Yahoo,4,1
2026-02-12,MuteJack/Mycopsychosys-UnOfficial-Patch,search.naver.com,1,1
2026-02-12,MuteJack/Mycopsychosys-UnOfficial_Korean_Translation,gall.dcinside.com,117,34
2026-02-12,MuteJack/Mycopsychosys-UnOfficial_Korean_Translation,github.com,53,2
2026-02-12,MuteJack/Mycopsychosys-UnOfficial_Korean_Translation,blog.naver.com,11,9
2026-02-12,MuteJack/Mycopsychosys-UnOfficial_Korean_Translation,m.blog.naver.com,10,5
2026-02-12,MuteJack/Mycopsychosys-UnOfficial_Korean_Translation,Bing,3,3
2026-02-12,MuteJack/Mycopsychosys-UnOfficial_Korean_Translation,link.naver.com,3,1
2026-02-12,MuteJack/Mycopsychosys-UnOfficial_Korean_Translation,Yahoo,2,1
2026-02-12,MuteJack/Mycopsychosys-UnOfficial_Korean_Translation,Google,1,1
2026-02-13,MuteJack/Mycopsychosys-UnOfficial-Patch,gall.dcinside.com,583,85
2026-02-13,MuteJack/Mycopsychosys-UnOfficial-Patch,blog.naver.com,125,35
2026-02-13,MuteJack/Mycopsychosys-UnOfficial-Patch,github.com,105,15
2026-02-13,MuteJack/Mycopsychosys-UnOfficial-Patch,youtube.com,20,5
2026-02-13,MuteJack/Mycopsychosys-UnOfficial-Patch,m.dcinside.com,14,7
2026-02-13,MuteJack/Mycopsychosys-UnOfficial-Patch,chatgpt.com,10,2
2026-02-13,MuteJack/Mycopsychosys-UnOfficial-Patch,m.blog.naver.com,8,5
2026-02-13,MuteJack/Mycopsychosys-UnOfficial-Patch,Google,7,6
2026-02-13,MuteJack/Mycopsychosys-UnOfficial-Patch,Yahoo,4,1
2026-02-13,MuteJack/Mycopsychosys-UnOfficial-Patch,search.naver.com,1,1
2026-02-13,MuteJack/Mycopsychosys-UnOfficial_Korean_Translation,gall.dcinside.com,117,34
2026-02-13,MuteJack/Mycopsychosys-UnOfficial_Korean_Translation,github.com,53,2
2026-02-13,MuteJack/Mycopsychosys-UnOfficial_Korean_Translation,blog.naver.com,11,9
2026-02-13,MuteJack/Mycopsychosys-UnOfficial_Korean_Translation,m.blog.naver.com,10,5
2026-02-13,MuteJack/Mycopsychosys-UnOfficial_Korean_Translation,Bing,3,3
2026-02-13,MuteJack/Mycopsychosys-UnOfficial_Korean_Translation,link.naver.com,3,1
2026-02-13,MuteJack/Mycopsychosys-UnOfficial_Korean_Translation,Yahoo,2,1
2026-02-13,MuteJack/Mycopsychosys-UnOfficial_Korean_Translation,Google,1,1
2026-02-14,MuteJack/Mycopsychosys-UnOfficial-Patch,gall.dcinside.com,587,87
2026-02-14,MuteJack/Mycopsychosys-UnOfficial-Patch,blog.naver.com,125,35
2026-02-14,MuteJack/Mycopsychosys-UnOfficial-Patch,github.com,106,16
2026-02-14,MuteJack/Mycopsychosys-UnOfficial-Patch,youtube.com,25,7
2026-02-14,MuteJack/Mycopsychosys-UnOfficial-Patch,m.dcinside.com,14,7
2026-02-14,MuteJack/Mycopsychosys-UnOfficial-Patch,chatgpt.com,10,2
2026-02-14,MuteJack/Mycopsychosys-UnOfficial-Patch,m.blog.naver.com,8,5
2026-02-14,MuteJack/Mycopsychosys-UnOfficial-Patch,Google,7,6
2026-02-14,MuteJack/Mycopsychosys-UnOfficial-Patch,Yahoo,4,1
2026-02-14,MuteJack/Mycopsychosys-UnOfficial-Patch,search.naver.com,1,1
2026-02-14,MuteJack/Mycopsychosys-UnOfficial_Korean_Translation,gall.dcinside.com,120,36
2026-02-14,MuteJack/Mycopsychosys-UnOfficial_Korean_Translation,github.com,53,2
2026-02-14,MuteJack/Mycopsychosys-UnOfficial_Korean_Translation,blog.naver.com,11,9
2026-02-14,MuteJack/Mycopsychosys-UnOfficial_Korean_Translation,m.blog.naver.com,10,5
2026-02-14,MuteJack/Mycopsychosys-UnOfficial_Korean_Translation,Bing,3,3
2026-02-14,MuteJack/Mycopsychosys-UnOfficial_Korean_Translation,link.naver.com,3,1
2026-02-14,MuteJack/Mycopsychosys-UnOfficial_Korean_Translation,Yahoo,2,1
2026-02-14,MuteJack/Mycopsychosys-UnOfficial_Korean_Translation,Google,1,1
2026-02-15,MuteJack/Mycopsychosys-UnOfficial-Patch,gall.dcinside.com,606,86
2026-02-15,MuteJack/Mycopsychosys-UnOfficial-Patch,blog.naver.com,125,35
2026-02-15,MuteJack/Mycopsychosys-UnOfficial-Patch,github.com,83,15
2026-02-15,MuteJack/Mycopsychosys-UnOfficial-Patch,youtube.com,25,7
2026-02-15,MuteJack/Mycopsychosys-UnOfficial-Patch,m.dcinside.com,15,8
2026-02-15,MuteJack/Mycopsychosys-UnOfficial-Patch,chatgpt.com,10,2
2026-02-15,MuteJack/Mycopsychosys-UnOfficial-Patch,m.blog.naver.com,8,5
2026-02-15,MuteJack/Mycopsychosys-UnOfficial-Patch,Google,5,5
2026-02-15,MuteJack/Mycopsychosys-UnOfficial-Patch,Yahoo,4,1
2026-02-15,MuteJack/Mycopsychosys-UnOfficial-Patch,search.naver.com,1,1
2026-02-15,MuteJack/Mycopsychosys-UnOfficial_Korean_Translation,gall.dcinside.com,118,34
2026-02-15,MuteJack/Mycopsychosys-UnOfficial_Korean_Translation,github.com,46,2
2026-02-15,MuteJack/Mycopsychosys-UnOfficial_Korean_Translation,blog.naver.com,11,9
2026-02-15,MuteJack/Mycopsychosys-UnOfficial_Korean_Translation,m.blog.naver.com,11,6
2026-02-15,MuteJack/Mycopsychosys-UnOfficial_Korean_Translation,Bing,3,3
2026-02-15,MuteJack/Mycopsychosys-UnOfficial_Korean_Translation,link.naver.com,3,1
2026-02-15,MuteJack/Mycopsychosys-UnOfficial_Korean_Translation,Yahoo,2,1
2026-02-15,MuteJack/Mycopsychosys-UnOfficial_Korean_Translation,Google,1,1
2026-02-16,MuteJack/Mycopsychosys-UnOfficial-Patch,gall.dcinside.com,516,74
2026-02-16,MuteJack/Mycopsychosys-UnOfficial-Patch,blog.naver.com,125,35
2026-02-16,MuteJack/Mycopsychosys-UnOfficial-Patch,github.com,75,14
2026-02-16,MuteJack/Mycopsychosys-UnOfficial-Patch,youtube.com,25,7
2026-02-16,MuteJack/Mycopsychosys-UnOfficial-Patch,m.dcinside.com,19,10
2026-02-16,MuteJack/Mycopsychosys-UnOfficial-Patch,chatgpt.com,9,1
2026-02-16,MuteJack/Mycopsychosys-UnOfficial-Patch,m.blog.naver.com,8,5
2026-02-16,MuteJack/Mycopsychosys-UnOfficial-Patch,Google,5,5
2026-02-16,MuteJack/Mycopsychosys-UnOfficial_Korean_Translation,gall.dcinside.com,102,30
2026-02-16,MuteJack/Mycopsychosys-UnOfficial_Korean_Translation,github.com,31,2
2026-02-16,MuteJack/Mycopsychosys-UnOfficial_Korean_Translation,blog.naver.com,14,9
2026-02-16,MuteJack/Mycopsychosys-UnOfficial_Korean_Translation,m.blog.naver.com,11,6
2026-02-16,MuteJack/Mycopsychosys-UnOfficial_Korean_Translation,Bing,3,3
2026-02-16,MuteJack/Mycopsychosys-UnOfficial_Korean_Translation,link.naver.com,3,1
2026-02-17,MuteJack/Mycopsychosys-UnOfficial-Patch,gall.dcinside.com,402,70
2026-02-17,MuteJack/Mycopsychosys-UnOfficial-Patch,blog.naver.com,118,31
2026-02-17,MuteJack/Mycopsychosys-UnOfficial-Patch,github.com,63,14
2026-02-17,MuteJack/Mycopsychosys-UnOfficial-Patch,youtube.com,25,7
2026-02-17,MuteJack/Mycopsychosys-UnOfficial-Patch,m.dcinside.com,14,9
2026-02-17,MuteJack/Mycopsychosys-UnOfficial-Patch,m.blog.naver.com,9,6
2026-02-17,MuteJack/Mycopsychosys-UnOfficial-Patch,chatgpt.com,9,1
2026-02-17,MuteJack/Mycopsychosys-UnOfficial-Patch,Google,4,4
2026-02-17,MuteJack/Mycopsychosys-UnOfficial_Korean_Translation,gall.dcinside.com,61,25
2026-02-17,MuteJack/Mycopsychosys-UnOfficial_Korean_Translation,github.com,18,2
2026-02-17,MuteJack/Mycopsychosys-UnOfficial_Korean_Translation,blog.naver.com,13,8
2026-02-17,MuteJack/Mycopsychosys-UnOfficial_Korean_Translation,m.blog.naver.com,11,6
2026-02-17,MuteJack/Mycopsychosys-UnOfficial_Korean_Translation,Bing,3,3
2026-02-17,MuteJack/Mycopsychosys-UnOfficial_Korean_Translation,link.naver.com,3,1
2026-02-18,MuteJack/Mycopsychosys-UnOfficial-Patch,gall.dcinside.com,342,64
2026-02-18,MuteJack/Mycopsychosys-UnOfficial-Patch,blog.naver.com,114,30
2026-02-18,MuteJack/Mycopsychosys-UnOfficial-Patch,github.com,64,15
2026-02-18,MuteJack/Mycopsychosys-UnOfficial-Patch,youtube.com,25,7
2026-02-18,MuteJack/Mycopsychosys-UnOfficial-Patch,m.blog.naver.com,9,6
2026-02-18,MuteJack/Mycopsychosys-UnOfficial-Patch,m.dcinside.com,9,6
2026-02-18,MuteJack/Mycopsychosys-UnOfficial-Patch,chatgpt.com,9,1
2026-02-18,MuteJack/Mycopsychosys-UnOfficial-Patch,Google,4,4
2026-02-18,MuteJack/Mycopsychosys-UnOfficial_Korean_Translation,gall.dcinside.com,62,23
2026-02-18,MuteJack/Mycopsychosys-UnOfficial_Korean_Translation,github.com,15,2
2026-02-18,MuteJack/Mycopsychosys-UnOfficial_Korean_Translation,blog.naver.com,13,8
2026-02-18,MuteJack/Mycopsychosys-UnOfficial_Korean_Translation,m.blog.naver.com,11,6
2026-02-18,MuteJack/Mycopsychosys-UnOfficial_Korean_Translation,Bing,3,3
2026-02-18,MuteJack/Mycopsychosys-UnOfficial_Korean_Translation,link.naver.com,3,1
2026-02-19,MuteJack/Mycopsychosys-UnOfficial-Patch,gall.dcinside.com,271,55
2026-02-19,MuteJack/Mycopsychosys-UnOfficial-Patch,blog.naver.com,105,25
2026-02-19,MuteJack/Mycopsychosys-UnOfficial-Patch,github.com,66,15
2026-02-19,MuteJack/Mycopsychosys-UnOfficial-Patch,youtube.com,25,7
2026-02-19,MuteJack/Mycopsychosys-UnOfficial-Patch,m.dcinside.com,13,7
2026-02-19,MuteJack/Mycopsychosys-UnOfficial-Patch,m.blog.naver.com,9,6
2026-02-19,MuteJack/Mycopsychosys-UnOfficial-Patch,Google,1,1
2026-02-19,MuteJack/Mycopsychosys-UnOfficial_Korean_Translation,gall.dcinside.com,57,19
2026-02-19,MuteJack/Mycopsychosys-UnOfficial_Korean_Translation,github.com,15,2
2026-02-19,MuteJack/Mycopsychosys-UnOfficial_Korean_Translation,blog.naver.com,11,6
2026-02-19,MuteJack/Mycopsychosys-UnOfficial_Korean_Translation,m.blog.naver.com,11,6
2026-02-19,MuteJack/Mycopsychosys-UnOfficial_Korean_Translation,Bing,4,4
2026-02-19,MuteJack/Mycopsychosys-UnOfficial_Korean_Translation,link.naver.com,3,1
2026-02-19,MuteJack/Mycopsychosys-UnOfficial_Korean_Translation,m.dcinside.com,1,1
2026-02-20,MuteJack/Mycopsychosys-UnOfficial-Patch,gall.dcinside.com,181,48
2026-02-20,MuteJack/Mycopsychosys-UnOfficial-Patch,blog.naver.com,86,20
2026-02-20,MuteJack/Mycopsychosys-UnOfficial-Patch,github.com,63,14
2026-02-20,MuteJack/Mycopsychosys-UnOfficial-Patch,youtube.com,25,7
2026-02-20,MuteJack/Mycopsychosys-UnOfficial-Patch,m.dcinside.com,12,6
2026-02-20,MuteJack/Mycopsychosys-UnOfficial-Patch,m.blog.naver.com,9,6
2026-02-20,MuteJack/Mycopsychosys-UnOfficial-Patch,Google,1,1
2026-02-20,MuteJack/Mycopsychosys-UnOfficial_Korean_Translation,gall.dcinside.com,50,15
2026-02-20,MuteJack/Mycopsychosys-UnOfficial_Korean_Translation,github.com,18,2
2026-02-20,MuteJack/Mycopsychosys-UnOfficial_Korean_Translation,m.blog.naver.com,11,6
2026-02-20,MuteJack/Mycopsychosys-UnOfficial_Korean_Translation,blog.naver.com,9,4
2026-02-20,MuteJack/Mycopsychosys-UnOfficial_Korean_Translation,Bing,4,4
2026-02-20,MuteJack/Mycopsychosys-UnOfficial_Korean_Translation,link.naver.com,3,1
2026-02-20,MuteJack/Mycopsychosys-UnOfficial_Korean_Translation,m.dcinside.com,1,1
2026-02-21,MuteJack/Mycopsychosys-UnOfficial-Patch,gall.dcinside.com,132,38
2026-02-21,MuteJack/Mycopsychosys-UnOfficial-Patch,github.com,62,13
2026-02-21,MuteJack/Mycopsychosys-UnOfficial-Patch,blog.naver.com,39,13
2026-02-21,MuteJack/Mycopsychosys-UnOfficial-Patch,youtube.com,25,7
2026-02-21,MuteJack/Mycopsychosys-UnOfficial-Patch,m.dcinside.com,10,5
2026-02-21,MuteJack/Mycopsychosys-UnOfficial-Patch,m.blog.naver.com,5,5
2026-02-21,MuteJack/Mycopsychosys-UnOfficial-Patch,Google,1,1
2026-02-21,MuteJack/Mycopsychosys-UnOfficial_Korean_Translation,gall.dcinside.com,41,11
2026-02-21,MuteJack/Mycopsychosys-UnOfficial_Korean_Translation,github.com,18,2
2026-02-21,MuteJack/Mycopsychosys-UnOfficial_Korean_Translation,m.blog.naver.com,9,4
2026-02-21,MuteJack/Mycopsychosys-UnOfficial_Korean_Translation,blog.naver.com,8,3
2026-02-21,MuteJack/Mycopsychosys-UnOfficial_Korean_Translation,Bing,4,4
2026-02-21,MuteJack/Mycopsychosys-UnOfficial_Korean_Translation,link.naver.com,3,1
2026-02-21,MuteJack/Mycopsychosys-UnOfficial_Korean_Translation,m.dcinside.com,1,1
2026-02-22,MuteJack/Mycopsychosys-UnOfficial-Patch,gall.dcinside.com,98,31
2026-02-22,MuteJack/Mycopsychosys-UnOfficial-Patch,github.com,37,12
2026-02-22,MuteJack/Mycopsychosys-UnOfficial-Patch,youtube.com,25,7
2026-02-22,MuteJack/Mycopsychosys-UnOfficial-Patch,blog.naver.com,16,11
2026-02-22,MuteJack/Mycopsychosys-UnOfficial-Patch,m.dcinside.com,10,5
2026-02-22,MuteJack/Mycopsychosys-UnOfficial-Patch,m.blog.naver.com,5,5
2026-02-22,MuteJack/Mycopsychosys-UnOfficial_Korean_Translation,gall.dcinside.com,41,11
2026-02-22,MuteJack/Mycopsychosys-UnOfficial_Korean_Translation,m.blog.naver.com,9,4
2026-02-22,MuteJack/Mycopsychosys-UnOfficial_Korean_Translation,blog.naver.com,8,3
2026-02-22,MuteJack/Mycopsychosys-UnOfficial_Korean_Translation,Bing,3,3
2026-02-22,MuteJack/Mycopsychosys-UnOfficial_Korean_Translation,github.com,3,1
2026-02-22,MuteJack/Mycopsychosys-UnOfficial_Korean_Translation,link.naver.com,3,1
2026-02-22,MuteJack/Mycopsychosys-UnOfficial_Korean_Translation,m.dcinside.com,1,1
2026-02-23,MuteJack/Mycopsychosys-UnOfficial-Patch,gall.dcinside.com,90,26
2026-02-23,MuteJack/Mycopsychosys-UnOfficial-Patch,github.com,33,11
2026-02-23,MuteJack/Mycopsychosys-UnOfficial-Patch,youtube.com,23,6
2026-02-23,MuteJack/Mycopsychosys-UnOfficial-Patch,blog.naver.com,13,9
2026-02-23,MuteJack/Mycopsychosys-UnOfficial-Patch,m.dcinside.com,10,5
2026-02-23,MuteJack/Mycopsychosys-UnOfficial-Patch,m.blog.naver.com,4,4
2026-02-23,MuteJack/Mycopsychosys-UnOfficial-Patch,Google,1,1
2026-02-23,MuteJack/Mycopsychosys-UnOfficial_Korean_Translation,gall.dcinside.com,38,10
2026-02-23,MuteJack/Mycopsychosys-UnOfficial_Korean_Translation,m.blog.naver.com,7,3
2026-02-23,MuteJack/Mycopsychosys-UnOfficial_Korean_Translation,blog.naver.com,7,2
2026-02-23,MuteJack/Mycopsychosys-UnOfficial_Korean_Translation,Bing,3,3
2026-02-23,MuteJack/Mycopsychosys-UnOfficial_Korean_Translation,github.com,3,1
2026-02-23,MuteJack/Mycopsychosys-UnOfficial_Korean_Translation,link.naver.com,3,1
2026-02-23,MuteJack/Mycopsychosys-UnOfficial_Korean_Translation,m.dcinside.com,1,1
2026-02-24,MuteJack/Mycopsychosys-UnOfficial-Patch,gall.dcinside.com,84,21
2026-02-24,MuteJack/Mycopsychosys-UnOfficial-Patch,youtube.com,20,5
2026-02-24,MuteJack/Mycopsychosys-UnOfficial-Patch,github.com,18,7
2026-02-24,MuteJack/Mycopsychosys-UnOfficial-Patch,blog.naver.com,12,9
2026-02-24,MuteJack/Mycopsychosys-UnOfficial-Patch,m.dcinside.com,10,5
2026-02-24,MuteJack/Mycopsychosys-UnOfficial-Patch,m.blog.naver.com,6,6
2026-02-24,MuteJack/Mycopsychosys-UnOfficial-Patch,Google,1,1
2026-02-24,MuteJack/Mycopsychosys-UnOfficial_Korean_Translation,gall.dcinside.com,22,6
2026-02-24,MuteJack/Mycopsychosys-UnOfficial_Korean_Translation,m.blog.naver.com,8,4
2026-02-24,MuteJack/Mycopsychosys-UnOfficial_Korean_Translation,blog.naver.com,6,2
2026-02-24,MuteJack/Mycopsychosys-UnOfficial_Korean_Translation,github.com,3,1
2026-02-24,MuteJack/Mycopsychosys-UnOfficial_Korean_Translation,link.naver.com,3,1
2026-02-24,MuteJack/Mycopsychosys-UnOfficial_Korean_Translation,Bing,2,2
2026-02-24,MuteJack/Mycopsychosys-UnOfficial_Korean_Translation,m.dcinside.com,1,1
