date,repo,clones,unique_cloners
2026-01-24,MuteJack/Mycopsychosys-UnOfficial-Patch,0,0
2026-01-25,MuteJack/Mycopsychosys-UnOfficial-Patch,0,0
2026-01-26,MuteJack/Mycopsychosys-UnOfficial-Patch,0,0
2026-01-27,MuteJack/Mycopsychosys-UnOfficial-Patch,0,0
2026-01-28,MuteJack/Mycopsychosys-UnOfficial-Patch,0,0
2026-01-29,MuteJack/Mycopsychosys-UnOfficial-Patch,0,0
2026-01-30,MuteJack/Mycopsychosys-UnOfficial-Patch,0,0
2026-01-31,MuteJack/Mycopsychosys-UnOfficial-Patch,65,37
2026-02-01,MuteJack/Mycopsychosys-UnOfficial-Patch,71,34
2026-02-02,MuteJack/Mycopsychosys-UnOfficial-Patch,35,24
2026-02-03,MuteJack/Mycopsychosys-UnOfficial-Patch,10,8
2026-02-04,MuteJack/Mycopsychosys-UnOfficial-Patch,3,3
2026-02-05,MuteJack/Mycopsychosys-UnOfficial-Patch,0,0
2026-02-06,MuteJack/Mycopsychosys-UnOfficial-Patch,0,0
2026-01-24,MuteJack/Mycopsychosys-UnOfficial_Korean_Translation,0,0
2026-01-25,MuteJack/Mycopsychosys-UnOfficial_Korean_Translation,0,0
2026-01-26,MuteJack/Mycopsychosys-UnOfficial_Korean_Translation,0,0
2026-01-27,MuteJack/Mycopsychosys-UnOfficial_Korean_Translation,0,0
2026-01-28,MuteJack/Mycopsychosys-UnOfficial_Korean_Translation,0,0
2026-01-29,MuteJack/Mycopsychosys-UnOfficial_Korean_Translation,0,0
2026-01-30,MuteJack/Mycopsychosys-UnOfficial_Korean_Translation,0,0
2026-01-31,MuteJack/Mycopsychosys-UnOfficial_Korean_Translation,27,22
2026-02-01,MuteJack/Mycopsychosys-UnOfficial_Korean_Translation,6,6
2026-02-02,MuteJack/Mycopsychosys-UnOfficial_Korean_Translation,24,18
2026-02-03,MuteJack/Mycopsychosys-UnOfficial_Korean_Translation,3,3
2026-02-04,MuteJack/Mycopsychosys-UnOfficial_Korean_Translation,2,2
2026-02-05,MuteJack/Mycopsychosys-UnOfficial_Korean_Translation,1,1
2026-02-06,MuteJack/Mycopsychosys-UnOfficial_Korean_Translation,0,0
2026-02-07,MuteJack/Mycopsychosys-UnOfficial-Patch,26,18
2026-02-07,MuteJack/Mycopsychosys-UnOfficial_Korean_Translation,24,15
2026-02-08,MuteJack/Mycopsychosys-UnOfficial-Patch,13,11
2026-02-08,MuteJack/Mycopsychosys-UnOfficial_Korean_Translation,3,3
2026-02-09,MuteJack/Mycopsychosys-UnOfficial-Patch,2,2
2026-02-09,MuteJack/Mycopsychosys-UnOfficial_Korean_Translation,1,1
2026-02-10,MuteJack/Mycopsychosys-UnOfficial-Patch,1,1
2026-02-10,MuteJack/Mycopsychosys-UnOfficial_Korean_Translation,1,1
2026-02-11,MuteJack/Mycopsychosys-UnOfficial-Patch,1,1
2026-02-11,MuteJack/Mycopsychosys-UnOfficial_Korean_Translation,0,0
2026-02-12,MuteJack/Mycopsychosys-UnOfficial-Patch,0,0
2026-02-12,MuteJack/Mycopsychosys-UnOfficial_Korean_Translation,1,1
2026-02-13,MuteJack/Mycopsychosys-UnOfficial-Patch,0,0
2026-02-13,MuteJack/Mycopsychosys-UnOfficial_Korean_Translation,0,0
2026-02-14,MuteJack/Mycopsychosys-UnOfficial-Patch,23,12
2026-02-14,MuteJack/Mycopsychosys-UnOfficial_Korean_Translation,0,0
2026-02-15,MuteJack/Mycopsychosys-UnOfficial-Patch,4,4
2026-02-15,MuteJack/Mycopsychosys-UnOfficial_Korean_Translation,0,0
2026-02-16,MuteJack/Mycopsychosys-UnOfficial-Patch,1,1
2026-02-16,MuteJack/Mycopsychosys-UnOfficial_Korean_Translation,0,0
2026-02-17,MuteJack/Mycopsychosys-UnOfficial-Patch,0,0
2026-02-17,MuteJack/Mycopsychosys-UnOfficial_Korean_Translation,0,0
2026-02-18,MuteJack/Mycopsychosys-UnOfficial-Patch,0,0
2026-02-18,MuteJack/Mycopsychosys-UnOfficial_Korean_Translation,0,0
2026-02-19,MuteJack/Mycopsychosys-UnOfficial-Patch,0,0
2026-02-19,MuteJack/Mycopsychosys-UnOfficial_Korean_Translation,0,0
2026-02-20,MuteJack/Mycopsychosys-UnOfficial-Patch,0,0
2026-02-20,MuteJack/Mycopsychosys-UnOfficial_Korean_Translation,0,0
2026-02-21,MuteJack/Mycopsychosys-UnOfficial-Patch,0,0
2026-02-21,MuteJack/Mycopsychosys-UnOfficial_Korean_Translation,0,0
